{"train/loss": 0.4568, "train/learning_rate": 1.4484544424664186e-06, "train/epoch": 1.0, "train/global_step": 6179, "_timestamp": 1682105889.7641125, "_runtime": 2919.485926389694, "_step": 12, "train/train_runtime": 2927.6703, "train/train_samples_per_second": 135.056, "train/train_steps_per_second": 2.111, "train/total_flos": 7897927328598528.0, "train/train_loss": 0.7749586461874868, "_wandb": {"runtime": 2921}}