,HDFS,Hadoop,Spark,Zookeeper,BGL,HPC,Thunderbird,Windows,Linux,Andriod,HealthApp,Apache,Proxifier,OpenSSH,OpenStack,Mac
F1_measure,0.08725905242298684,0.597452539531512,0.017646048378281307,0.9141122989309621,0.9282916205704107,0.9758523854098906,0.5364311441278218,0.35834471257377387,0.10362725481051317,0.9214953884530804,0.3724144976738337,0.5296799663028088,0.2153933658274546,0.774575789386509,0.672469143566695,0.4246458533901802
Accuracy,0.002,0.183,0.025,0.6675,0.5395,0.784,0.1035,0.399,0.1515,0.2745,0.1465,0.3065,0.001,0.3635,0.0495,0.379
