,HDFS,Hadoop,Spark,Zookeeper,BGL,HPC,Thunderbird,Windows,Linux,Andriod,HealthApp,Apache,Proxifier,OpenSSH,OpenStack,Mac
F1_measure,0.9090336957429184,0.7987699143159952,0.47765758418881316,0.924169982776029,0.9797747971518463,0.8929267637357299,0.8569068159173492,0.9113552890566343,0.22404457224764787,0.860338926454629,0.7732163382351199,0.6282690557089002,0.3696545652024869,0.712014171683452,0.5377076666371103,0.6787144000915017
Accuracy,0.4815,0.4305,0.2885,0.735,0.7305,0.744,0.629,0.711,0.228,0.5035,0.3995,0.3065,0.0025,0.103,0.4875,0.618
