,Hadoop,HDFS,Spark,Zookeeper,BGL,HPC,Thunderbird,Windows,Linux,Andriod,HealthApp,Apache,Proxifier,OpenSSH,OpenStack,Mac
F1_measure,0.9999071333685957,0.9999843025834023,0.9999783365204907,0.9998734739229755,0.999811710319573,0.9899695302754545,0.9996972190813528,0.999288710283899,0.6124302082811152,0.7292696418693455,0.510328151901043,1.0,0.7470909719820132,0.9569789438190689,0.9156993393689286,0.8462675535846268
Accuracy,0.9835,0.9975,0.9965,0.9905,0.974,0.7555,0.9345,0.693,0.142,0.4505,0.258,1.0,0.01,0.4285,0.4915,0.6615
