,HDFS,Hadoop,Spark,Zookeeper,BGL,HPC,Thunderbird,Windows,Linux,Andriod,HealthApp,Apache,Proxifier,OpenSSH,OpenStack,Mac
F1_measure,0.5322566245525313,0.6695444753058232,0.05471359833277146,0.9136271403296583,0.92866222323464,0.9771732184071956,0.49630464475776054,0.5199677233588397,0.1018085578971938,0.9076617166873933,0.38580657677757296,0.5448467781276333,0.22858587898117888,0.7639854337917069,0.6457474120322921,0.6516288368811007
Accuracy,0.012,0.117,0.0085,0.6675,0.479,0.564,0.118,0.261,0.1705,0.356,0.0765,0.3065,0.001,0.341,0.0495,0.415
