,HDFS,Hadoop,Spark,Zookeeper,BGL,HPC,Thunderbird,Windows,Linux,Andriod,HealthApp,Apache,Proxifier,OpenSSH,OpenStack,Mac
F1_measure,0.7539552725965806,0.7472384632503186,0.19786758005439198,0.9109714460345333,0.931056071897454,0.9732817248057395,0.5309072985206962,0.7195228917675559,0.09776599015700131,0.9367574377362147,0.6447885075818036,0.5876923308688152,0.24735881516652022,0.8299798900255809,0.6495941351552186,0.7768851483465103
Accuracy,0.002,0.137,0.008,0.606,0.51,0.5795,0.099,0.3,0.0905,0.453,0.074,0.2905,0.001,0.0715,0.0495,0.4195
