,HDFS,Hadoop,Spark,Zookeeper,BGL,HPC,Thunderbird,Windows,Linux,Andriod,HealthApp,Apache,Proxifier,OpenSSH,OpenStack,Mac
F1_measure,0.9899839870628151,0.9979078695979359,0.993843538291131,0.9997308804350076,0.9969456580305499,0.9915742088148712,0.998075469036115,0.988922632503805,0.270741609697327,0.8349051009832786,0.7449265402971489,1.0,0.33894535220795163,0.9666904161436127,0.743991588706488,0.582284298117481
Accuracy,0.8085,0.901,0.9185,0.9815,0.874,0.8645,0.6055,0.4045,0.137,0.3825,0.1605,1.0,0.001,0.3155,0.3875,0.459
