,HDFS,Hadoop,Spark,Zookeeper,BGL,HPC,Thunderbird,Windows,Linux,Andriod,HealthApp,Apache,Proxifier,OpenSSH,OpenStack,Mac
F1_measure,0.03777028275734614,0.6060868733149087,0.016446404644058395,0.7717791445708587,0.06822143905283884,0.8587827982969195,0.1858082735542712,0.3590588631115325,0.09193549302650325,0.7441312939054128,0.36795647106995494,0.5292730127105396,0.21619482189722955,0.521735843350722,0.33969067447606843,0.3880790229076378
Accuracy,0.001,0.2565,0.0125,0.4725,0.1765,0.533,0.1075,0.3885,0.1235,0.1825,0.142,0.2905,0.001,0.006,0.1055,0.3745
