,HDFS,Hadoop,Spark,Zookeeper,BGL,HPC,Thunderbird,Windows,Linux,Andriod,HealthApp,Apache,Proxifier,OpenSSH,OpenStack,Mac
Precision,1.0,0.9974318363180472,0.9838549390144486,0.999258043274626,0.9991534192456025,0.9846033376384327,0.9999582347208688,0.9985644886601583,0.9848154275568543,0.8888477778261438,0.9829308857952446,1.0,0.9999111947550257,0.9965643285737683,0.9725101754596649,0.9273516736333884
Recall,0.9999686056596148,0.9943103810308346,0.9982865785928674,0.9913555540220367,0.9999545531273941,0.9999277053683928,0.9983023723106004,0.9999976700621628,1.0,0.9983254904357391,0.7706934690841649,1.0,0.6479396479983002,0.9780340612693704,0.9999559004143156,0.9995808738779645
F1 Measure,0.9999843025834023,0.9958686627045192,0.9910182216313443,0.9952911126969061,0.9995538256610276,0.9922063548183789,0.9991296174489843,0.9992805654894948,0.9923496299795308,0.9404111521124653,0.8639688564266107,1.0,0.7863358633559475,0.9872122479230966,0.9860420922402556,0.9621125529482956
Accuracy,0.9975,0.869,0.905,0.921,0.957,0.903,0.941,0.6895,0.6725,0.6815,0.5675,1.0,0.495,0.538,0.7575,0.7635
