,HDFS,Hadoop,Spark,Zookeeper,BGL,HPC,Thunderbird,Windows,Linux,Andriod,HealthApp,Apache,Proxifier,OpenSSH,OpenStack,Mac
Precision,1.0,0.9831127633209418,0.9838745305942125,0.9990806246236307,0.996567082724504,0.8667992637891112,0.9885320830500415,0.9999914615056211,0.9905745553248875,0.537258049659855,0.9725324955952263,1.0,0.9993920598676282,0.9979802840726806,0.7727865884809311,0.9930297178919606
Recall,0.980095988195728,0.8009198688439857,1.0,0.9998803855266487,0.18376118317686624,0.6031231280854316,0.9988444218535315,0.8186166693072628,0.6832780304367574,0.9981054818798509,0.5651835823923186,0.5006011474373138,0.305627733413602,1.0,0.6137184991147008,0.736439523593308
F1 Measure,0.989947956097619,0.882713164839762,0.9918717292061018,0.9994803450876515,0.31030409340696985,0.7113119526425412,0.9936614974983754,0.9002595618964162,0.8087185656856128,0.698518876518868,0.7149036258667563,0.6672008058799994,0.4681031377783427,0.9989891211923261,0.6841279263402267,0.8457003048291353
Accuracy,0.9,0.6045,0.918,0.9625,0.472,0.41,0.828,0.708,0.046,0.1595,0.267,0.0,0.0025,0.925,0.1215,0.409
