,HDFS,Hadoop,Spark,Zookeeper,BGL,HPC,Thunderbird,Windows,Linux,Andriod,HealthApp,Apache,Proxifier,OpenSSH,OpenStack,Mac
F1_measure,1.0,0.9963769063487625,0.9918756043483781,0.9994619403259629,0.9991097099989784,0.9783789519425594,0.998711013628273,0.9945888449095746,0.9641178132475879,0.9490986028781758,0.9581096219873069,1.0,0.7863975508554076,0.9975877585130958,0.909057015631718,0.9571845493562231
Accuracy,1.0,0.954,0.92,0.9615,0.939,0.829,0.663,0.563,0.6715,0.7115,0.8215,1.0,0.5165,0.54,0.3305,0.6705
