,HDFS,Hadoop,Spark,Zookeeper,BGL,HPC,Thunderbird,Windows,Linux,Andriod,HealthApp,Apache,Proxifier,OpenSSH,OpenStack,Mac
Precision,1.0,0.999674922286109,0.9837968014465193,0.9997555170123257,0.9996703320854792,0.9842593796313148,0.9999801338975306,0.9893040978675045,0.9968611918315353,0.9923094792698285,0.9999212551922357,1.0,1.0,0.9979802840726806,0.9930211849034202,0.9646368201428672
Recall,0.9999686056596148,0.993422009012938,0.9944067623031535,0.9970832470728959,0.8859283497591316,0.9774130915250037,0.9994361096329948,0.9999417515540685,0.9933557189409611,0.9919941331051764,0.24532229552852988,1.0,0.5996456522124051,1.0,0.9958369991113933,0.952743529740491
F1 Measure,0.9999843025834023,0.9965386570637523,0.9890733289715452,0.9984175939596773,0.9393688022111542,0.9808242887161006,0.9997080477530601,0.9945944818524067,0.9951053682000928,0.9921517811300458,0.39398393596103054,1.0,0.7497231044676168,0.9989891211923261,0.9944270987004636,0.958653288583528
Accuracy,0.9975,0.885,0.8835,0.8405,0.6895,0.8295,0.943,0.5655,0.701,0.8795,0.174,1.0,0.508,0.925,0.7425,0.698
