,HDFS,Hadoop,Spark,Zookeeper,BGL,HPC,Thunderbird,Windows,Linux,Andriod,HealthApp,Apache,Proxifier,OpenSSH,OpenStack,Mac
F1_measure,1.0,0.22045682360000074,0.731616857751733,0.4447374828388396,0.9429011154176767,0.7786280487189783,0.9821642039903352,0.9999044803380931,0.9258963994135638,0.9920971745705186,0.9125863017519934,1.0,0.8133938871464091,0.9363995213452064,0.9357665093243164,0.34880174918726087
Accuracy,1.0,0.0,0.6335,0.4375,0.6455,0.574,0.8125,0.9895,0.5185,0.9105,0.5915,1.0,0.495,0.4255,0.787,0.3685
