,HDFS,Hadoop,Spark,Zookeeper,BGL,HPC,Thunderbird,Windows,Linux,Andriod,HealthApp,Apache,Proxifier,OpenSSH,OpenStack,Mac
F1_measure,0.9988397207490074,0.995530019226376,0.8411961256190458,0.9854018516660094,0.9700378187909953,0.9757520462268767,0.9987747361313833,0.9999871852971091,0.9389516348545242,0.893388429752066,0.9176645278709402,1.0,0.7191245676702387,0.7758745206765866,0.9941082472340478,0.9815444642024758
Accuracy,0.8505,0.8695,0.5755,0.6875,0.7245,0.784,0.9185,0.9925,0.6115,0.504,0.6865,1.0,0.5165,0.4305,0.743,0.876
