,HDFS,Hadoop,Spark,Zookeeper,BGL,HPC,Thunderbird,Windows,Linux,Andriod,HealthApp,Apache,Proxifier,OpenSSH,OpenStack,Mac
Precision,1.0,0.9999598260467826,0.9998694749332542,0.9996113446968741,0.9993574620399607,0.9680931703521498,0.9997950199805766,0.9983162092553103,0.9758253623380408,0.9693717970310132,0.6589938368926472,1.0,0.9999700207793473,0.996591236378617,0.8230505127697375,0.9500289268151576
Recall,0.9999686056596148,0.8040816656167724,0.33190745161061613,0.9111034435166655,0.9996851180969447,0.9958533864871005,0.9975002184082408,0.8399006514506193,0.5843575773562901,0.9849049685265538,0.9992996725365377,1.0,0.5906021477769712,0.9985972192794675,0.650687181793927,0.9176766441968496
F1 Measure,0.9999843025834023,0.8913867737444547,0.498377953175042,0.9533074679169354,0.9995212632159752,0.9817770842825762,0.9986463008829856,0.912282388907307,0.7309795923936977,0.9770766516511965,0.7942289126333224,1.0,0.7426062817645156,0.9975932194111691,0.7267893338193389,0.9335725833673849
Accuracy,0.9975,0.715,0.2885,0.839,0.955,0.8535,0.651,0.4065,0.2885,0.784,0.4385,1.0,0.0,0.5415,0.213,0.642
