,HDFS,Hadoop,Spark,Zookeeper,BGL,HPC,Thunderbird,Windows,Linux,Andriod,HealthApp,Apache,Proxifier,OpenSSH,OpenStack,Mac
F1_measure,0.9999843025834023,0.9967612500481052,0.5188910117111731,0.9533074679169354,0.9995244965424569,0.9775767758561882,0.9986652155979944,0.9085619686755382,0.7338718760171934,0.9205308602494404,0.7942289126333224,1.0,0.7426062817645156,0.9975895788058106,0.7268072341085805,0.9397366493362634
Accuracy,0.9975,0.8865,0.418,0.839,0.9575,0.8105,0.655,0.711,0.288,0.701,0.4385,1.0,0.0,0.54,0.213,0.6425
