,Hadoop,HDFS,Spark,Zookeeper,BGL,HPC,Thunderbird,Windows,Linux,Andriod,HealthApp,Apache,Proxifier,OpenSSH,OpenStack,Mac
Precision,0.9998183205552124,1.0,0.9999566739795738,0.9998849749705536,0.9998669232991337,0.9816487716843588,0.9996803475277561,0.9985784317146998,0.9684836093288198,0.5718793289210404,0.343095291359068,1.0,0.9964369100707086,0.9999444309932166,0.8474525388301605,0.7494370253993192
Recall,1.0,0.9999686056596148,1.0,0.9997883743933016,1.0,0.9999483609774235,0.999735924581649,1.0,0.4828904804311048,0.9990955203813482,1.0,1.0,0.5979137525010181,0.9203008672399559,0.9959009435106357,0.999650728231637
F1 Measure,0.9999091520250013,0.9999843025834023,0.9999783365204907,0.9998366723486286,0.9999334572219202,0.9907140701023754,0.9997081352822749,0.999288710283899,0.644453444081812,0.7273981196801766,0.5109023813372058,1.0,0.7473679987937957,0.9584710118874374,0.9156993393689286,0.8566468625132818
Accuracy,0.9845,0.9975,0.9965,0.9895,0.986,0.756,0.9355,0.693,0.138,0.452,0.2585,1.0,0.01,0.4285,0.4915,0.6705
