,HDFS,Hadoop,Spark,Zookeeper,BGL,HPC,Thunderbird,Windows,Linux,Andriod,HealthApp,Apache,Proxifier,OpenSSH,OpenStack,Mac
F1_measure,0.9999843025834023,0.9975130047864069,0.9915255066018122,0.9933372846840572,0.9944497190718967,0.5413360738826676,0.9111845460079675,0.9129826942997308,0.9754565458995387,0.8437014243568187,0.8424706541337706,1.0,0.7796400497796313,0.9976392857925933,0.9936968598661957,0.9598450840595018
Accuracy,0.9975,0.867,0.906,0.66,0.711,0.3245,0.576,0.7005,0.6715,0.585,0.397,1.0,0.5165,0.619,0.7215,0.595
