,HDFS,Hadoop,Spark,Zookeeper,BGL,HPC,Thunderbird,Windows,Linux,Andriod,HealthApp,Apache,Proxifier,OpenSSH,OpenStack,Mac
Precision,1.0,0.9965260845910492,0.9847021027810474,0.9959166119440257,0.9960690697341167,0.37154701715015964,0.9683862129382764,0.9999916779014997,0.9960477004520752,0.7434380328540946,0.7303771444775273,1.0,1.0,0.9979893986474137,0.9911356113269382,0.9676297295378719
Recall,0.9999686056596148,0.9985018817334561,0.9984441345843279,0.9907712833252823,0.9928356251541948,0.9968964947431475,0.8603636695761292,0.8399029813884565,0.9556995039597932,0.9752245920674693,0.9952087941810033,1.0,0.6388607309170105,0.9972894185035545,0.9962713800303846,0.9521846949111104
F1 Measure,0.9999843025834023,0.9975130047864069,0.9915255066018122,0.9933372846840572,0.9944497190718967,0.5413360738826676,0.9111845460079675,0.9129826942997308,0.9754565458995387,0.8437014243568187,0.8424706541337706,1.0,0.7796400497796313,0.9976392857925933,0.9936968598661957,0.9598450840595018
Accuracy,0.9975,0.867,0.906,0.66,0.711,0.3245,0.576,0.7005,0.6715,0.585,0.397,1.0,0.5165,0.619,0.7215,0.595
