,HDFS,Hadoop,Spark,Zookeeper,BGL,HPC,Thunderbird,Windows,Linux,Andriod,HealthApp,Apache,Proxifier,OpenSSH,OpenStack,Mac
Precision,1.0,0.9995880701322437,0.9838549390144486,0.9993837295400507,0.9990393275292705,0.9767214476777174,0.9900674828636036,0.999988349985088,0.8971684188931834,0.9992314462446232,0.9763433867165271,1.0,1.0,0.8638202869789888,0.9999531509343043,0.9529552442774172
Recall,1.0,0.8524898644828868,0.9982865785928674,0.9997147654866239,0.9182313375663849,0.9955848635697023,0.9988841324427572,0.9999603910567666,0.980142524787135,0.985259426755485,0.8120900669416459,1.0,0.7123928767462862,0.97951720963535,0.9883312496279097,0.9742237434948133
F1 Measure,1.0,0.9201974522987065,0.9910182216313443,0.9995492201047833,0.9569324088655535,0.986062949437915,0.994456266375956,0.9999743703254969,0.9368218112331945,0.992196250753911,0.8866740494647471,1.0,0.8320437283059741,0.9180378945061868,0.994108234166919,0.9634721334691974
Accuracy,1.0,0.7775,0.905,0.9635,0.7865,0.654,0.8435,0.9885,0.605,0.9185,0.639,1.0,0.5265,0.554,0.764,0.7565
