{"train/loss": 0.6687, "train/learning_rate": 4.109795928390757e-05, "train/epoch": 0.18, "train/global_step": 14500, "_timestamp": 1682373179.364908, "_runtime": 11163.733758926392, "_step": 28}